# status=preparation_only; extend with raw captures and independent replay files after execution
# scope=relative text files only; executables, model bytes, and absolute host paths are excluded
relative_path	bytes	sha256
README.md	4723	e7aec719e976df738114482a69a02dbff494aa794182003d4367e2b4465c7206
capture.go	46703	a23c785113a4eacec67c29317e1091af2a655b50e87b2ad871079a88a4e9ffeb
capture_test.go	1929	d8e710681ac6e42f0719a0e28c0392b0934d1d888838f2693a0a4481b32dcbb2
fixtures/arithmetic.gooo	296	7896b7f65db047bf077a03920901ff4487576582896f492fabe5d1fc82c1d748
fixtures/arithmetic.plan.json	620	685b22ffb073ad0e8fb597bd008ecbf7dd7696137d3a2e0d9418ab25ee7468e5
fixtures/boolean.gooo	282	1b2e12bc510ec7215f49e84b23cc00e4da3adadd7244030596671d7cb78af6f1
fixtures/boolean.plan.json	601	a3f68051f964ee8b2917879e7fcec1d81b0c5bec20a975b2344410b08898e694
preexecution/source/capture.go	46703	a23c785113a4eacec67c29317e1091af2a655b50e87b2ad871079a88a4e9ffeb
preexecution/source/replay.go	35782	d3aa7f2e07c681203fc57b40cea94d3bac468f579189bf9428fc932ec997174d
preexecution/superseded-draft-v1/manifest.json	2689	1c74ef96dcea6c58c716c9845368e09bb107e50393f2d348e4f01b0a51e7ba51
preexecution/superseded-draft-v1/source/capture.go	43701	d1d30f3743452bf02893805d677ef92be4416177873229c2ae2e2b657ce44dfb
preexecution/superseded-draft-v1/source/replay.go	30350	e2eddaa464f582bfb1e19318112bd1b3d28d96dca91149ca8ee519c853d4c3c0
preexecution/superseded-draft-v2/manifest.json	3598	350a5cc508d97d25db55fe93f9f84af502fb36779ca180fb54461c5b3bf50dcf
preexecution/superseded-draft-v2/source/capture.go	44984	05aab361c0e08a8bdb5a3653d0b0ca808551d22d9591d4606811a8daa967b98b
preexecution/superseded-draft-v2/source/replay.go	32662	449e4b82196f8ef7c843d6356fc8069c6c972c2962637af94e30a7e78974871f
preexecution/superseded-draft-v3/manifest.json	4445	9b6fdee65a4936483b6776ef86374c9fb0c2ea2cab127e7c5f428c7118d913dc
preexecution/superseded-draft-v3/source/capture.go	44984	05aab361c0e08a8bdb5a3653d0b0ca808551d22d9591d4606811a8daa967b98b
preexecution/superseded-draft-v3/source/replay.go	33143	44f296db050f8c1459f37571c9dcbe25eba85efaaaa586f338276cf1f1131b3c
replay.go	35782	d3aa7f2e07c681203fc57b40cea94d3bac468f579189bf9428fc932ec997174d
replay_test.go	2805	78e2a319385512dee18766d197b335d5d222e29297ff78d39b1dc2e671bec27c
run-plan.json	3610	1c5a86b321eacf9549d03f4b7df2c94f8ea8171b7dbb04f384094895869c3a58
