# status=post-capture; exact allowlist for path-neutral text evidence
# scope=relative regular text files only; executables/model bytes excluded; README.md omitted because it contains a temporary host path
relative_path	bytes	sha256
capture.go	46703	a23c785113a4eacec67c29317e1091af2a655b50e87b2ad871079a88a4e9ffeb
capture_test.go	1929	d8e710681ac6e42f0719a0e28c0392b0934d1d888838f2693a0a4481b32dcbb2
fixtures/arithmetic.gooo	296	7896b7f65db047bf077a03920901ff4487576582896f492fabe5d1fc82c1d748
fixtures/arithmetic.plan.json	620	685b22ffb073ad0e8fb597bd008ecbf7dd7696137d3a2e0d9418ab25ee7468e5
fixtures/boolean.gooo	282	1b2e12bc510ec7215f49e84b23cc00e4da3adadd7244030596671d7cb78af6f1
fixtures/boolean.plan.json	601	a3f68051f964ee8b2917879e7fcec1d81b0c5bec20a975b2344410b08898e694
offline_baseline_audit.go	45726	0d047afdd95e753a3f64832cbe1d67a09f168fbced67a0530baf030b1173b414
offline_baseline_audit_test.go	1511	ee40a90a220b79db83e9684c643e21687f40b18c2132e86552a103c1ca24acf2
preexecution/manifest.json	7385	b27ef9760c682ea2644d298fccbb82051937f57ce1bbfde4c4797b12950dfceb
preexecution/pre-call-manifest-v2.json	6059	b2f9e95ed377dbc331f55c2a7766ff2e0030715c6de689dfc089afafcf5ed039
preexecution/source/capture.go	46703	a23c785113a4eacec67c29317e1091af2a655b50e87b2ad871079a88a4e9ffeb
preexecution/source/replay.go	35782	d3aa7f2e07c681203fc57b40cea94d3bac468f579189bf9428fc932ec997174d
preexecution/superseded-draft-v1/manifest.json	2689	1c74ef96dcea6c58c716c9845368e09bb107e50393f2d348e4f01b0a51e7ba51
preexecution/superseded-draft-v1/source/capture.go	43701	d1d30f3743452bf02893805d677ef92be4416177873229c2ae2e2b657ce44dfb
preexecution/superseded-draft-v1/source/replay.go	30350	e2eddaa464f582bfb1e19318112bd1b3d28d96dca91149ca8ee519c853d4c3c0
preexecution/superseded-draft-v2/manifest.json	3598	350a5cc508d97d25db55fe93f9f84af502fb36779ca180fb54461c5b3bf50dcf
preexecution/superseded-draft-v2/source/capture.go	44984	05aab361c0e08a8bdb5a3653d0b0ca808551d22d9591d4606811a8daa967b98b
preexecution/superseded-draft-v2/source/replay.go	32662	449e4b82196f8ef7c843d6356fc8069c6c972c2962637af94e30a7e78974871f
preexecution/superseded-draft-v3/manifest.json	4445	9b6fdee65a4936483b6776ef86374c9fb0c2ea2cab127e7c5f428c7118d913dc
preexecution/superseded-draft-v3/source/capture.go	44984	05aab361c0e08a8bdb5a3653d0b0ca808551d22d9591d4606811a8daa967b98b
preexecution/superseded-draft-v3/source/replay.go	33143	44f296db050f8c1459f37571c9dcbe25eba85efaaaa586f338276cf1f1131b3c
publication-allowlist.tsv	2382	29dae78722306eb532ffbe55871e6b3f25d2f0e4a611444e7559cae6f6cce960
replay.go	35782	d3aa7f2e07c681203fc57b40cea94d3bac468f579189bf9428fc932ec997174d
replay_test.go	2805	78e2a319385512dee18766d197b335d5d222e29297ff78d39b1dc2e671bec27c
results/arithmetic-fp32/invocation.json	10294	8eb96a8fcd5ed70550db37e2e8c9bf7544f257a727d23c35103089843eb137c4
results/arithmetic-fp32/prelaunch.json	2431	4bb08ac32cbf94140b2a7e12ccc320d3b3c023bf942a228be6a59e1091191c58
results/arithmetic-fp32/raw-cli.json	17912	0d1f59b922829613928bccabe5855bb4fd62d44099828d232a5a63a4423a5b93
results/arithmetic-fp32/raw-stderr.txt	0	e3b0c44298fc1c149afbf4c8996fb92427ae41e4649b934ca495991b7852b855
results/arithmetic-offline_baseline/invocation.json	9819	6e6fe9dd834b6164ec50fed0d20cf56abc9b7b20dbe6d4f9ca3e2cd0ac2795d4
results/arithmetic-offline_baseline/prelaunch.json	2237	5ff4ddff9c219d3eea42ae62455c7a76f15dc51eb9ac8eab97707d4b63615144
results/arithmetic-offline_baseline/raw-cli.json	17713	f385945693c3af25c259d7abec8297af2204adf82f8d11ea0c3dc665517341b1
results/arithmetic-offline_baseline/raw-stderr.txt	0	e3b0c44298fc1c149afbf4c8996fb92427ae41e4649b934ca495991b7852b855
results/arithmetic-ptq_ternary/invocation.json	10428	074b96f8ff821ca5db417a4979a3f033b27bb48ee93c335689c328896560884e
results/arithmetic-ptq_ternary/prelaunch.json	2437	ea93c45da5283a977be55a514b2f83ddfe3116579068ebcfdb5aac51e3131890
results/arithmetic-ptq_ternary/raw-cli.json	17848	9fb1eca945373c9c26d3b42dba9e0eb7e8fabd7fa8550486cffeebfd4235f133
results/arithmetic-ptq_ternary/raw-stderr.txt	0	e3b0c44298fc1c149afbf4c8996fb92427ae41e4649b934ca495991b7852b855
results/arithmetic-qat_ternary/invocation.json	10431	51b90eee88df64a588ecf84cfcc0e700218e35e02065973dcb2e7978bd79f617
results/arithmetic-qat_ternary/prelaunch.json	2437	955c891a98070cdeefe462fd4e3c375bb7e4a3858046caa502388f58953b761a
results/arithmetic-qat_ternary/raw-cli.json	17855	6d2765326c9a8a274e16ca5eb02a3f49484ebfa7b2d9c2fbda71d27f362f2658
results/arithmetic-qat_ternary/raw-stderr.txt	0	e3b0c44298fc1c149afbf4c8996fb92427ae41e4649b934ca495991b7852b855
results/boolean-fp32/invocation.json	10202	8da698169cb5ad2705095e219dbb333c83032019f8445689e4a9a7a1640d58b9
results/boolean-fp32/prelaunch.json	2410	ce2979fb1f491dff43dfdc2f5ee6c106663f4531aeb1b6b9ecf0a8ba65ae5114
results/boolean-fp32/raw-cli.json	17907	9016b0306c3e23d14fb7423d3be90a150fba69dacb5bfc55df7f3e92095b971b
results/boolean-fp32/raw-stderr.txt	0	e3b0c44298fc1c149afbf4c8996fb92427ae41e4649b934ca495991b7852b855
results/boolean-offline_baseline/invocation.json	9728	35a0e5db1d565bba2d78a96cfdcc531a97c0e542a58f79ee28ccc7f2b88c431e
results/boolean-offline_baseline/prelaunch.json	2216	f9d639a988cbcec3afd2e1500c35529ff916fbbfec28de75c5026eb215a45cea
results/boolean-offline_baseline/raw-cli.json	17721	2f97171eaec06056b7f24f6c088b5d0d29f6a78a1ab35c30af7cf2ed00e93eea
results/boolean-offline_baseline/raw-stderr.txt	0	e3b0c44298fc1c149afbf4c8996fb92427ae41e4649b934ca495991b7852b855
results/boolean-ptq_ternary/invocation.json	10374	2c333a28f1fe408f0b75e5cb68010efd3d64e2b8d6c933f43d9cbd19ddaeb546
results/boolean-ptq_ternary/prelaunch.json	2416	1a1ab03621f2a34d341b4889ac3d12fb2e8e16c79d9e6fd594c1e324ec146319
results/boolean-ptq_ternary/raw-cli.json	17918	c70e93f2d13f405b06e08bd130db8a9caecdf57e33b97c3505354df7d009300e
results/boolean-ptq_ternary/raw-stderr.txt	0	e3b0c44298fc1c149afbf4c8996fb92427ae41e4649b934ca495991b7852b855
results/boolean-qat_ternary/invocation.json	10215	dec3024881afff220f18c9fceb5c09076b604c4da994057a3a2d213925f56856
results/boolean-qat_ternary/prelaunch.json	2416	37a7c298c665722c4e5c88257b51679297d852a5b58844c6bbfd098596bd2439
results/boolean-qat_ternary/raw-cli.json	17929	ebad3e7615516ae9cf1eb8d8e71673cbddf52b7fbcec730784af0f264700cac8
results/boolean-qat_ternary/raw-stderr.txt	0	e3b0c44298fc1c149afbf4c8996fb92427ae41e4649b934ca495991b7852b855
results/capture-evidence-manifest.json	10992	69cb3f5c8db02437e84c4d5266370f46674eac52a2442ee7c02510fe8b8162b3
results/capture-summary.json	38451	405f782ee8866be0bf6b2f4e342b2a6986783295d653436fe95a8bb566dd3e57
results/independent-replay-input-valid-tiny-only/arithmetic-fp32/invocation.json	10294	8eb96a8fcd5ed70550db37e2e8c9bf7544f257a727d23c35103089843eb137c4
results/independent-replay-input-valid-tiny-only/arithmetic-fp32/raw-cli.json	17912	0d1f59b922829613928bccabe5855bb4fd62d44099828d232a5a63a4423a5b93
results/independent-replay-input-valid-tiny-only/arithmetic-ptq_ternary/invocation.json	10428	074b96f8ff821ca5db417a4979a3f033b27bb48ee93c335689c328896560884e
results/independent-replay-input-valid-tiny-only/arithmetic-ptq_ternary/raw-cli.json	17848	9fb1eca945373c9c26d3b42dba9e0eb7e8fabd7fa8550486cffeebfd4235f133
results/independent-replay-input-valid-tiny-only/arithmetic-qat_ternary/invocation.json	10431	51b90eee88df64a588ecf84cfcc0e700218e35e02065973dcb2e7978bd79f617
results/independent-replay-input-valid-tiny-only/arithmetic-qat_ternary/raw-cli.json	17855	6d2765326c9a8a274e16ca5eb02a3f49484ebfa7b2d9c2fbda71d27f362f2658
results/independent-replay-input-valid-tiny-only/boolean-fp32/invocation.json	10202	8da698169cb5ad2705095e219dbb333c83032019f8445689e4a9a7a1640d58b9
results/independent-replay-input-valid-tiny-only/boolean-fp32/raw-cli.json	17907	9016b0306c3e23d14fb7423d3be90a150fba69dacb5bfc55df7f3e92095b971b
results/independent-replay-input-valid-tiny-only/boolean-ptq_ternary/invocation.json	10374	2c333a28f1fe408f0b75e5cb68010efd3d64e2b8d6c933f43d9cbd19ddaeb546
results/independent-replay-input-valid-tiny-only/boolean-ptq_ternary/raw-cli.json	17918	c70e93f2d13f405b06e08bd130db8a9caecdf57e33b97c3505354df7d009300e
results/independent-replay-input-valid-tiny-only/boolean-qat_ternary/invocation.json	10215	dec3024881afff220f18c9fceb5c09076b604c4da994057a3a2d213925f56856
results/independent-replay-input-valid-tiny-only/boolean-qat_ternary/raw-cli.json	17929	ebad3e7615516ae9cf1eb8d8e71673cbddf52b7fbcec730784af0f264700cac8
results/independent-replay-input-valid-tiny-only/projection-manifest.json	4239	25de5e184457dffa63a1edc50dd046b057af3dd8ee687c096d17b52deb10a676
results/independent-replay-v2/arithmetic-fp32/generated-check.go	1157	ec3a5e7f25eb36c4b88be673bb59fa5fedea8f9d0a664b92d90e194d935a4e27
results/independent-replay-v2/arithmetic-fp32/generated-execution.stderr	0	e3b0c44298fc1c149afbf4c8996fb92427ae41e4649b934ca495991b7852b855
results/independent-replay-v2/arithmetic-fp32/generated-execution.stdout.json	419	e223b36f5f422ba431ccdc0aa65a2c510854f65e3fa0ffb68fd73548cb806361
results/independent-replay-v2/arithmetic-fp32/go-build.stderr	0	e3b0c44298fc1c149afbf4c8996fb92427ae41e4649b934ca495991b7852b855
results/independent-replay-v2/arithmetic-fp32/go-build.stdout	0	e3b0c44298fc1c149afbf4c8996fb92427ae41e4649b934ca495991b7852b855
results/independent-replay-v2/arithmetic-fp32/verification.json	2817	52bfc46573090e746cbd5bc1eb55cbecca2b9e556fdc9cfad24d2f0e30c136fd
results/independent-replay-v2/arithmetic-ptq_ternary/generated-check.go	1157	ec3a5e7f25eb36c4b88be673bb59fa5fedea8f9d0a664b92d90e194d935a4e27
results/independent-replay-v2/arithmetic-ptq_ternary/generated-execution.stderr	0	e3b0c44298fc1c149afbf4c8996fb92427ae41e4649b934ca495991b7852b855
results/independent-replay-v2/arithmetic-ptq_ternary/generated-execution.stdout.json	419	e223b36f5f422ba431ccdc0aa65a2c510854f65e3fa0ffb68fd73548cb806361
results/independent-replay-v2/arithmetic-ptq_ternary/go-build.stderr	0	e3b0c44298fc1c149afbf4c8996fb92427ae41e4649b934ca495991b7852b855
results/independent-replay-v2/arithmetic-ptq_ternary/go-build.stdout	0	e3b0c44298fc1c149afbf4c8996fb92427ae41e4649b934ca495991b7852b855
results/independent-replay-v2/arithmetic-ptq_ternary/verification.json	3009	d2f6127efee2f4c89c54a6a90ac4758028657329f8b492a4d07a039309557cea
results/independent-replay-v2/arithmetic-qat_ternary/generated-check.go	1157	ec3a5e7f25eb36c4b88be673bb59fa5fedea8f9d0a664b92d90e194d935a4e27
results/independent-replay-v2/arithmetic-qat_ternary/generated-execution.stderr	0	e3b0c44298fc1c149afbf4c8996fb92427ae41e4649b934ca495991b7852b855
results/independent-replay-v2/arithmetic-qat_ternary/generated-execution.stdout.json	419	e223b36f5f422ba431ccdc0aa65a2c510854f65e3fa0ffb68fd73548cb806361
results/independent-replay-v2/arithmetic-qat_ternary/go-build.stderr	0	e3b0c44298fc1c149afbf4c8996fb92427ae41e4649b934ca495991b7852b855
results/independent-replay-v2/arithmetic-qat_ternary/go-build.stdout	0	e3b0c44298fc1c149afbf4c8996fb92427ae41e4649b934ca495991b7852b855
results/independent-replay-v2/arithmetic-qat_ternary/verification.json	3009	a4fa2228c24fff7f5db830f754dd94e131a6740435120c667aed352fae8c215f
results/independent-replay-v2/boolean-fp32/generated-check.go	1103	7727bc54ff64e698bfcfa1289e6a39df5b3f887b550146bcddd35613190611ad
results/independent-replay-v2/boolean-fp32/generated-execution.stderr	0	e3b0c44298fc1c149afbf4c8996fb92427ae41e4649b934ca495991b7852b855
results/independent-replay-v2/boolean-fp32/generated-execution.stdout.json	341	24d2e6292fd62193a71fa324e48ab8e746ece2302102ef77b839ba4bf47607e3
results/independent-replay-v2/boolean-fp32/go-build.stderr	0	e3b0c44298fc1c149afbf4c8996fb92427ae41e4649b934ca495991b7852b855
results/independent-replay-v2/boolean-fp32/go-build.stdout	0	e3b0c44298fc1c149afbf4c8996fb92427ae41e4649b934ca495991b7852b855
results/independent-replay-v2/boolean-fp32/verification.json	2754	95e10ee40ba00a357934bf5acb8fbf85336182302a014f39e1dcb9f56ccad22a
results/independent-replay-v2/boolean-ptq_ternary/generated-check.go	1103	7727bc54ff64e698bfcfa1289e6a39df5b3f887b550146bcddd35613190611ad
results/independent-replay-v2/boolean-ptq_ternary/generated-execution.stderr	0	e3b0c44298fc1c149afbf4c8996fb92427ae41e4649b934ca495991b7852b855
results/independent-replay-v2/boolean-ptq_ternary/generated-execution.stdout.json	341	24d2e6292fd62193a71fa324e48ab8e746ece2302102ef77b839ba4bf47607e3
results/independent-replay-v2/boolean-ptq_ternary/go-build.stderr	0	e3b0c44298fc1c149afbf4c8996fb92427ae41e4649b934ca495991b7852b855
results/independent-replay-v2/boolean-ptq_ternary/go-build.stdout	0	e3b0c44298fc1c149afbf4c8996fb92427ae41e4649b934ca495991b7852b855
results/independent-replay-v2/boolean-ptq_ternary/verification.json	2934	032470ebdbee239a1242382d54fd589d5dfc948667a738dba2a7c3c2817d3394
results/independent-replay-v2/boolean-qat_ternary/generated-check.go	1103	7727bc54ff64e698bfcfa1289e6a39df5b3f887b550146bcddd35613190611ad
results/independent-replay-v2/boolean-qat_ternary/generated-execution.stderr	0	e3b0c44298fc1c149afbf4c8996fb92427ae41e4649b934ca495991b7852b855
results/independent-replay-v2/boolean-qat_ternary/generated-execution.stdout.json	341	24d2e6292fd62193a71fa324e48ab8e746ece2302102ef77b839ba4bf47607e3
results/independent-replay-v2/boolean-qat_ternary/go-build.stderr	0	e3b0c44298fc1c149afbf4c8996fb92427ae41e4649b934ca495991b7852b855
results/independent-replay-v2/boolean-qat_ternary/go-build.stdout	0	e3b0c44298fc1c149afbf4c8996fb92427ae41e4649b934ca495991b7852b855
results/independent-replay-v2/boolean-qat_ternary/verification.json	2768	cd2692e28518d72cbd760cad935867d6ae5b5e965014e26365088268dd5f5859
results/independent-replay-v2/independent-replay.json	23264	443680ad69675340c3c277b8ff8d2fe57caea332fca07b605182ab2a1c4963e6
results/independent-replay-v2/replay-evidence-manifest.json	8459	6aba1dbd41b87549334381e5b1e1bb6c9994e0f706221dfae1239d8eb7d73053
results/independent-replay-v2/report.md	1688	6475d71329954cbb4914ac935c7767c05d678af6b4e077c9c207bb6117c2ac26
results/offline-baseline-audit-launch/stderr.txt	0	e3b0c44298fc1c149afbf4c8996fb92427ae41e4649b934ca495991b7852b855
results/offline-baseline-audit-launch/stdout.txt	0	e3b0c44298fc1c149afbf4c8996fb92427ae41e4649b934ca495991b7852b855
results/offline-baseline-audit-v1/arithmetic-offline_baseline/audit-cell.json	2282	1ab6c8320df8d7daec7cfb7fd353df83ad629838125267ef0c6146e45b6171e9
results/offline-baseline-audit-v1/arithmetic-offline_baseline/generated-check.go	1154	8a78709e7abdee7a53592f80c0e2640dedae4016d3d6619bb175a2d7f679ab92
results/offline-baseline-audit-v1/arithmetic-offline_baseline/generated-execution.stderr	0	e3b0c44298fc1c149afbf4c8996fb92427ae41e4649b934ca495991b7852b855
results/offline-baseline-audit-v1/arithmetic-offline_baseline/generated-execution.stdout.json	419	e223b36f5f422ba431ccdc0aa65a2c510854f65e3fa0ffb68fd73548cb806361
results/offline-baseline-audit-v1/arithmetic-offline_baseline/go-build.stderr	0	e3b0c44298fc1c149afbf4c8996fb92427ae41e4649b934ca495991b7852b855
results/offline-baseline-audit-v1/arithmetic-offline_baseline/go-build.stdout	0	e3b0c44298fc1c149afbf4c8996fb92427ae41e4649b934ca495991b7852b855
results/offline-baseline-audit-v1/audit-report.json	10228	7e4a5bc1eb16ecefe307f1671ce55a040ae99c9a585cbb0acfd17c7c5c27b53e
results/offline-baseline-audit-v1/boolean-offline_baseline/audit-cell.json	2202	eb7992b1b98587eb8e62a9928b11ea9825bc2b4643b13df2fb97d5f2e5666fb2
results/offline-baseline-audit-v1/boolean-offline_baseline/generated-check.go	1100	75bd37fac1297ff7a9e54156fa27be291b9738dbde852c691614bad2d9797932
results/offline-baseline-audit-v1/boolean-offline_baseline/generated-execution.stderr	0	e3b0c44298fc1c149afbf4c8996fb92427ae41e4649b934ca495991b7852b855
results/offline-baseline-audit-v1/boolean-offline_baseline/generated-execution.stdout.json	341	24d2e6292fd62193a71fa324e48ab8e746ece2302102ef77b839ba4bf47607e3
results/offline-baseline-audit-v1/boolean-offline_baseline/go-build.stderr	0	e3b0c44298fc1c149afbf4c8996fb92427ae41e4649b934ca495991b7852b855
results/offline-baseline-audit-v1/boolean-offline_baseline/go-build.stdout	0	e3b0c44298fc1c149afbf4c8996fb92427ae41e4649b934ca495991b7852b855
results/offline-baseline-audit-v1/evidence-manifest.json	3218	828ec7dc1d4018e404c8745afa78145cce43d60437e598c0a724707bbc61527e
results/offline-baseline-audit-v1/preflight-report.json	5216	97826709e1efa6183b9dd205f45ccd42e4f12b53d70ee854f7c033efaa1d77fa
results/offline-baseline-audit-v1/report.md	3016	7054dc0f9147fea9fbce3cee95ebaf7e6cd7abb3e8c9ea4137a9ff080dc5c870
results/offline-baseline-audit-v1/runner-source.go	45726	0d047afdd95e753a3f64832cbe1d67a09f168fbced67a0530baf030b1173b414
results/replay-launch.stderr.txt	0	e3b0c44298fc1c149afbf4c8996fb92427ae41e4649b934ca495991b7852b855
results/replay-launch.stdout.txt	0	e3b0c44298fc1c149afbf4c8996fb92427ae41e4649b934ca495991b7852b855
results/report.md	3696	8be2a92f35f959a868a5c90f3dd882d510a45c58e24da51e93467bd759d8a632
results/wrapper-launch/arithmetic-fp32.stderr.txt	0	e3b0c44298fc1c149afbf4c8996fb92427ae41e4649b934ca495991b7852b855
results/wrapper-launch/arithmetic-fp32.stdout.txt	0	e3b0c44298fc1c149afbf4c8996fb92427ae41e4649b934ca495991b7852b855
results/wrapper-launch/arithmetic-offline_baseline.stderr.txt	78	95db542bb0bac55a5533f831fa1a8ccd0f5928ba21569bcefdfa891addf7f0bf
results/wrapper-launch/arithmetic-offline_baseline.stdout.txt	0	e3b0c44298fc1c149afbf4c8996fb92427ae41e4649b934ca495991b7852b855
results/wrapper-launch/arithmetic-ptq_ternary.stderr.txt	0	e3b0c44298fc1c149afbf4c8996fb92427ae41e4649b934ca495991b7852b855
results/wrapper-launch/arithmetic-ptq_ternary.stdout.txt	0	e3b0c44298fc1c149afbf4c8996fb92427ae41e4649b934ca495991b7852b855
results/wrapper-launch/arithmetic-qat_ternary.stderr.txt	0	e3b0c44298fc1c149afbf4c8996fb92427ae41e4649b934ca495991b7852b855
results/wrapper-launch/arithmetic-qat_ternary.stdout.txt	0	e3b0c44298fc1c149afbf4c8996fb92427ae41e4649b934ca495991b7852b855
results/wrapper-launch/boolean-fp32.stderr.txt	0	e3b0c44298fc1c149afbf4c8996fb92427ae41e4649b934ca495991b7852b855
results/wrapper-launch/boolean-fp32.stdout.txt	0	e3b0c44298fc1c149afbf4c8996fb92427ae41e4649b934ca495991b7852b855
results/wrapper-launch/boolean-offline_baseline.stderr.txt	78	95db542bb0bac55a5533f831fa1a8ccd0f5928ba21569bcefdfa891addf7f0bf
results/wrapper-launch/boolean-offline_baseline.stdout.txt	0	e3b0c44298fc1c149afbf4c8996fb92427ae41e4649b934ca495991b7852b855
results/wrapper-launch/boolean-ptq_ternary.stderr.txt	0	e3b0c44298fc1c149afbf4c8996fb92427ae41e4649b934ca495991b7852b855
results/wrapper-launch/boolean-ptq_ternary.stdout.txt	0	e3b0c44298fc1c149afbf4c8996fb92427ae41e4649b934ca495991b7852b855
results/wrapper-launch/boolean-qat_ternary.stderr.txt	0	e3b0c44298fc1c149afbf4c8996fb92427ae41e4649b934ca495991b7852b855
results/wrapper-launch/boolean-qat_ternary.stdout.txt	0	e3b0c44298fc1c149afbf4c8996fb92427ae41e4649b934ca495991b7852b855
run-plan.json	3610	1c5a86b321eacf9549d03f4b7df2c94f8ea8171b7dbb04f384094895869c3a58
